<?xml version="1.0" encoding="utf-8"?>
<ProgramItemsData xmlns:xsi="http://www.w3.org/2001/XMLSchema-instance" xmlns:xsd="http://www.w3.org/2001/XMLSchema">
  <ProgramItems>
    <ProgramItem>
      <ProgramName>AlarmProgram</ProgramName>
      <RoutingName>FaultLogic</RoutingName>
      <SubRoutings />
    </ProgramItem>
    <ProgramItem>
      <ProgramName>MainProgram</ProgramName>
      <RoutingName>Main</RoutingName>
      <SubRoutings />
    </ProgramItem>
    <ProgramItem>
      <ProgramName>Profile</ProgramName>
      <RoutingName>MainProfile</RoutingName>
      <SubRoutings />
    </ProgramItem>
    <ProgramItem>
      <ProgramName>HMI</ProgramName>
      <RoutingName>HMIGeneral</RoutingName>
      <SubRoutings />
    </ProgramItem>
  </ProgramItems>
</ProgramItemsData>