<modbusServer Version="2.0">
  <modbusRegister name="COILS">
    <mapping variable="ModbusDigitalOutput" parent="Micro820" dataType="AnyArray" address="00001" va="0x598">
      <MBVarInfo ElemType="AnyArray" SubElemType="Bool" DataTypeSize="256">
        <MBArrayInfo ArrayDimension="1">
          <MBArrayDimensionInfo Index="0" Upper="256" Lower="1" />
        </MBArrayInfo>
      </MBVarInfo>
    </mapping>
  </modbusRegister>
  <modbusRegister name="DISCRETES_INPUTS">
    <mapping variable="ModbusDigitalInput" parent="Micro820" dataType="AnyArray" address="10001" va="0x698">
      <MBVarInfo ElemType="AnyArray" SubElemType="Bool" DataTypeSize="256">
        <MBArrayInfo ArrayDimension="1">
          <MBArrayDimensionInfo Index="0" Upper="256" Lower="1" />
        </MBArrayInfo>
      </MBVarInfo>
    </mapping>
  </modbusRegister>
  <modbusRegister name="INPUT_REGISTERS">
    <mapping variable="ModbusAnalogOutput" parent="Micro820" dataType="AnyArray" address="30001" va="0x798">
      <MBVarInfo ElemType="AnyArray" SubElemType="Int" DataTypeSize="512">
        <MBArrayInfo ArrayDimension="1">
          <MBArrayDimensionInfo Index="0" Upper="256" Lower="1" />
        </MBArrayInfo>
      </MBVarInfo>
    </mapping>
  </modbusRegister>
  <modbusRegister name="HOLDING_REGISTERS">
    <mapping variable="ModbusAnalogInput" parent="Micro820" dataType="AnyArray" address="40001" va="0x998">
      <MBVarInfo ElemType="AnyArray" SubElemType="Int" DataTypeSize="512">
        <MBArrayInfo ArrayDimension="1">
          <MBArrayDimensionInfo Index="0" Upper="256" Lower="1" />
        </MBArrayInfo>
      </MBVarInfo>
    </mapping>
    <mapping variable="ModbusProfileT" parent="Micro820" dataType="Dint" address="40300" va="0x47c">
      <MBVarInfo ElemType="Dint" SubElemType="Any" DataTypeSize="4" />
    </mapping>
    <mapping variable="ModbusHomeT" parent="Micro820" dataType="Dint" address="40400" va="0x480">
      <MBVarInfo ElemType="Dint" SubElemType="Any" DataTypeSize="4" />
    </mapping>
  </modbusRegister>
</modbusServer>